"Scientific_Name","Classification","Justification","Source","Mes de Inicio Cría","Mes de Fin Cría","Notas","Modo de Observación Principal"
"Accipiter gentilis","Filtrar_Cria","Migrador parcial","BirdLife International","Abril","Junio","","Mixto - Vuelo Frecuente"
"Accipiter nisus","Filtrar_Cria","Migrador parcial","BirdLife International","Abril","Agosto","","Mixto - Vuelo Frecuente"
"Acanthis flammea","No_Filtrar_Residente","Residente (movimientos irruptivos)","BirdLife International","","","","Terrestre/Acuático"
"Acrocephalus agricola","Filtrar_Cria","Migrador estival","BirdLife International","Mayo","Junio","","Terrestre/Acuático"
"Acrocephalus bistrigiceps","Excluir","Divagante (Asia)","BirdLife International","","","","Terrestre/Acuático"
"Acrocephalus dumetorum","Filtrar_Cria","Migrador estival","BirdLife International","Mayo","Julio","","Terrestre/Acuático"
"Acrocephalus melanopogon","Filtrar_Cria","Migrador parcial","BirdLife International","Abril","Julio","Puede tener dos nidadas.","Terrestre/Acuático"
"Acrocephalus orientalis","Excluir","Divagante (Asia)","BirdLife International","","","","Terrestre/Acuático"
"Acrocephalus paludicola","Filtrar_Cria","Migrador estival","BirdLife International","Mayo","Junio","","Terrestre/Acuático"
"Acrocephalus palustris","Filtrar_Cria","Migrador estival","BirdLife International","Mayo","Junio","","Terrestre/Acuático"
"Acrocephalus schoenobaenus","Filtrar_Cria","Migrador estival","BirdLife International","Mayo","Julio","","Terrestre/Acuático"
"Acrocephalus scirpaceus","Filtrar_Cria","Migrador estival","BirdLife International","Mayo","Agosto","","Terrestre/Acuático"
"Actitis hypoleucos","Filtrar_Cria","Migrador estival","BirdLife International","Mayo","Junio","","Terrestre/Acuático"
"Actitis macularius","Excluir","Divagante (América)","BirdLife International","","","","Terrestre/Acuático"
"Aegithalos caudatus","Filtrar_Cria","Migrador parcial (poblaciones norteñas)","BirdLife International","Marzo","Abril","","Terrestre/Acuático"
"Aegolius funereus","Filtrar_Cria","Residente/dispersivo en Europa boreal/montana","BirdLife International","Marzo","Junio","Aunque residente, las poblaciones de montaña pueden ser dispersivas.","Terrestre/Acuático"
"Agapornis fischeri","Excluir","Introducida","BirdLife International","","","","Terrestre/Acuático"
"Aix galericulata","Excluir","Introducida","BirdLife International","","","","Terrestre/Acuático"
"Aix sponsa","Excluir","Introducida","BirdLife International","","","","Terrestre/Acuático"
"Alauda arvensis","Filtrar_Cria","Migrador parcial","BirdLife International","Abril","Julio","","Terrestre/Acuático"
"Alca torda","Excluir","Ave marina","BirdLife International","","","","Mixto - Vuelo Frecuente"
"Alcedo atthis","Filtrar_Cria","Migrador parcial","BirdLife International","Marzo","Agosto","Puede extenderse a Septiembre en climas favorables.","Terrestre/Acuático"
"Alectoris barbara","No_Filtrar_Residente","Residente","BirdLife International","","","","Terrestre/Acuático"
"Alectoris graeca","No_Filtrar_Residente","Residente","BirdLife International","","","","Terrestre/Acuático"
"Alectoris rufa","No_Filtrar_Residente","Residente","BirdLife International","","","","Terrestre/Acuático"
"Alle alle","Excluir","Ave marina","BirdLife International","","","","Mixto - Vuelo Frecuente"
"Alopochen aegyptiaca","Excluir","Introducida","BirdLife International","","","","Terrestre/Acuático"
"Anarhynchus alexandrinus","Filtrar_Cria","Migrador parcial (Taxonomía moderna)","BirdLife International","Abril","Julio","","Terrestre/Acuático"
"Anarhynchus leschenaultii","Excluir","Divagante (Asia) (Taxonomía moderna)","BirdLife International","","","","Terrestre/Acuático"
"Anas acuta","Filtrar_Cria","Reproductor estival escaso; invernante común","BirdLife International","Abril","Junio","","Terrestre/Acuático"
"Anas bahamensis","Excluir","Introducida","BirdLife International","","","","Terrestre/Acuático"
"Anas crecca","Filtrar_Cria","Migrador parcial","BirdLife International","Abril","Junio","","Terrestre/Acuático"
"Anas platyrhynchos","Filtrar_Cria","Migrador parcial","BirdLife International","Febrero","Julio","","Terrestre/Acuático"
"Anser albifrons","Excluir","Visitante invernal","BirdLife International","","","","Terrestre/Acuático"
"Anser anser","Filtrar_Cria","Migrador parcial","BirdLife International","Abril","Agosto","","Terrestre/Acuático"
"Anser brachyrhynchus","Excluir","Visitante invernal","BirdLife International","","","","Terrestre/Acuático"
"Anser caerulescens","Excluir","Divagante/Introducida","BirdLife International","","","","Terrestre/Acuático"
"Anser cygnoides","Excluir","Introducida","BirdLife International","","","","Terrestre/Acuático"
"Anser erythropus","Filtrar_Cria","Migrador estival","BirdLife International","Mayo","Julio","","Terrestre/Acuático"
"Anser indicus","Excluir","Introducida","BirdLife International","","","","Terrestre/Acuático"
"Anser serrirostris","Excluir","Visitante invernal","BirdLife International","","","","Terrestre/Acuático"
"Anthropoides virgo","Excluir","Divagante (Asia)","BirdLife International","","","","Terrestre/Acuático"
"Anthus campestris","Filtrar_Cria","Migrador estival","BirdLife International","Abril","Julio","","Terrestre/Acuático"
"Anthus cervinus","Filtrar_Cria","Migrador estival","BirdLife International","Junio","Julio","","Terrestre/Acuático"
"Anthus godlewskii","Excluir","Divagante (Asia)","BirdLife International","","","","Terrestre/Acuático"
"Anthus hodgsoni","Excluir","Divagante (Asia)","BirdLife International","","","","Terrestre/Acuático"
"Anthus japonicus","Excluir","Divagante (Asia)","BirdLife International","","","","Terrestre/Acuático"
"Anthus petrosus","Filtrar_Cria","Migrador parcial","BirdLife International","Marzo","Agosto","","Terrestre/Acuático"
"Anthus pratensis","Filtrar_Cria","Migrador parcial","BirdLife International","Marzo","Agosto","","Terrestre/Acuático"
"Anthus spinoletta","Filtrar_Cria","Migrador parcial (altitudinal/latitudinal)","BirdLife International","Abril","Julio","","Terrestre/Acuático"
"Anthus trivialis","Filtrar_Cria","Migrador estival","BirdLife International","Abril","Agosto","","Terrestre/Acuático"
"Antigone canadensis","Excluir","Divagante (América)","BirdLife International","","","","Terrestre/Acuático"
"Antigone vipio","Excluir","Divagante (Asia)","BirdLife International","","","","Terrestre/Acuático"
"Apus apus","Filtrar_Cria","Migrador estival","BirdLife International","Mayo","Agosto","","Aéreo"
"Apus pacificus","Excluir","Divagante (Asia)","BirdLife International","","","","Aéreo"
"Apus pallidus","Filtrar_Cria","Migrador estival","BirdLife International","Mayo","Septiembre","","Aéreo"
"Apus unicolor","Filtrar_Cria","Migrador estival","BirdLife International","Marzo","Septiembre","","Aéreo"
"Aquila adalberti","No_Filtrar_Residente","Residente","BirdLife International","","","","Mixto - Vuelo Frecuente"
"Aquila chrysaetos","Filtrar_Cria","Migrador parcial (poblaciones norteñas)","BirdLife International","Febrero","Agosto","","Mixto - Vuelo Frecuente"
"Aquila clanga","Filtrar_Cria","Migrador estival","BirdLife International","Mayo","Agosto","","Mixto - Vuelo Frecuente"
"Aquila fasciata","No_Filtrar_Residente","Residente","BirdLife International","","","","Mixto - Vuelo Frecuente"
"Aquila heliaca","Filtrar_Cria","Migrador estival","BirdLife International","Marzo","Agosto","","Mixto - Vuelo Frecuente"
"Aquila nipalensis","Excluir","Divagante (Asia)","BirdLife International","","","","Mixto - Vuelo Frecuente"
"Ardea alba","Filtrar_Cria","Migrador parcial","BirdLife International","Abril","Mayo","","Terrestre/Acuático"
"Ardea cinerea","Filtrar_Cria","Migrador parcial","BirdLife International","Marzo","Julio","Inicio temprano en zonas templadas.","Terrestre/Acuático"
"Ardea purpurea","Filtrar_Cria","Migrador estival","BirdLife International","Abril","Junio","","Terrestre/Acuático"
"Ardeola bacchus","Excluir","Divagante (Asia)","BirdLife International","","","","Terrestre/Acuático"
"Ardeola ralloides","Filtrar_Cria","Migrador estival","BirdLife International","Abril","Junio","","Terrestre/Acuático"
"Ardenna gravis","Excluir","Ave marina","BirdLife International","","","","Mixto - Vuelo Frecuente"
"Ardenna grisea","Excluir","Ave marina","BirdLife International","","","","Mixto - Vuelo Frecuente"
"Arundinax aedon","Excluir","Divagante (Asia)","BirdLife International","","","","Terrestre/Acuático"
"Asio flammeus","Filtrar_Cria","Migrador parcial","BirdLife International","Marzo","Junio","","Mixto - Vuelo Frecuente"
"Athene noctua","No_Filtrar_Residente","Residente","BirdLife International","","","","Terrestre/Acuático"
"Aythya affinis","Excluir","Divagante (América)","BirdLife International","","","","Terrestre/Acuático"
"Aythya collaris","Excluir","Divagante (América)","BirdLife International","","","","Terrestre/Acuático"
"Aythya ferina","Filtrar_Cria","Migrador parcial","BirdLife International","Mayo","Julio","","Terrestre/Acuático"
"Aythya fuligula","Filtrar_Cria","Migrador parcial","BirdLife International","Mayo","Agosto","","Terrestre/Acuático"
"Aythya nyroca","Filtrar_Cria","Migrador estival","BirdLife International","Abril","Julio","","Terrestre/Acuático"
"Botaurus eurhythmus","Excluir","Divagante (Asia)","BirdLife International","","","","Terrestre/Acuático"
"Botaurus stellaris","Filtrar_Cria","Migrador parcial","BirdLife International","Marzo","Junio","","Terrestre/Acuático"
"Branta bernicla","Excluir","Visitante invernal","BirdLife International","","","","Terrestre/Acuático"
"Branta canadensis","Excluir","Introducida","BirdLife International","","","","Terrestre/Acuático"
"Branta hutchinsii","Excluir","Divagante (América)","BirdLife International","","","","Terrestre/Acuático"
"Branta ruficollis","Filtrar_Cria","Migrador estival","BirdLife International","Junio","Agosto","","Terrestre/Acuático"
"Bubo bubo","No_Filtrar_Residente","Residente","BirdLife International","","","","Terrestre/Acuático"
"Bubo scandiacus","Excluir","Visitante invernal (irregular)","BirdLife International","","","","Terrestre/Acuático"
"Bucanetes githagineus","Excluir","Visitante raro (periférico)","BirdLife International","","","","Terrestre/Acuático"
"Bucephala albeola","Excluir","Divagante (América)","BirdLife International","","","","Terrestre/Acuático"
"Bulweria bulwerii","Excluir","Ave marina","BirdLife International","","","","Mixto - Vuelo Frecuente"
"Buteo buteo","Filtrar_Cria","Migrador parcial","BirdLife International","Marzo","Julio","","Mixto - Vuelo Frecuente"
"Buteo lagopus","Excluir","Visitante invernal","BirdLife International","","","","Mixto - Vuelo Frecuente"
"Butorides virescens","Excluir","Divagante (América)","BirdLife International","","","","Terrestre/Acuático"
"Cairina moschata","Excluir","Introducida","BirdLife International","","","","Terrestre/Acuático"
"Calandrella brachydactyla","Filtrar_Cria","Migrador estival","BirdLife International","Marzo","Junio","","Terrestre/Acuático"
"Calcarius lapponicus","Excluir","Visitante invernal","BirdLife International","","","","Terrestre/Acuático"
"Calidris alpina","Filtrar_Cria","Migrador (en paso)","BirdLife International","Mayo","Agosto","","Terrestre/Acuático"
"Calidris bairdii","Excluir","Divagante (América)","BirdLife International","","","","Terrestre/Acuático"
"Calidris canutus","Filtrar_Cria","Migrador (en paso)","BirdLife International","Junio","Agosto","","Terrestre/Acuático"
"Calidris falcinellus","Filtrar_Cria","Migrador (en paso)","BirdLife International","Junio","Agosto","","Terrestre/Acuático"
"Calidris ferruginea","Filtrar_Cria","Migrador (en paso)","BirdLife International","Junio","Agosto","","Terrestre/Acuático"
"Calidris fuscicollis","Excluir","Divagante (América)","BirdLife International","","","","Terrestre/Acuático"
"Calidris himantopus","Excluir","Divagante (América)","BirdLife International","","","","Terrestre/Acuático"
"Calidris maritima","Excluir","Visitante invernal","BirdLife International","","","","Terrestre/Acuático"
"Calidris minuta","Filtrar_Cria","Migrador (en paso)","BirdLife International","Mayo","Julio","","Terrestre/Acuático"
"Calidris pugnax","Filtrar_Cria","Migrador (cría en norte)","BirdLife International","Mayo","Junio","","Terrestre/Acuático"
"Calidris pusilla","Excluir","Divagante (América)","BirdLife International","","","","Terrestre/Acuático"
"Calidris subminuta","Excluir","Divagante (Asia)","BirdLife International","","","","Terrestre/Acuático"
"Calidris subruficollis","Excluir","Divagante (América)","BirdLife International","","","","Terrestre/Acuático"
"Calidris temminckii","Filtrar_Cria","Migrador (cría en norte)","BirdLife International","Mayo","Julio","","Terrestre/Acuático"
"Calliope calliope","Excluir","Divagante (Asia); no cría regularmente en Europa","BirdLife International","","","","Terrestre/Acuático"
"Caprimulgus europaeus","Filtrar_Cria","Migrador estival","BirdLife International","Mayo","Agosto","","Mixto - Vuelo Frecuente"
"Caprimulgus ruficollis","Filtrar_Cria","Migrador estival","BirdLife International","Mayo","Agosto","","Mixto - Vuelo Frecuente"
"Carduelis carduelis","Filtrar_Cria","Migrador parcial","BirdLife International","Marzo","Agosto","","Terrestre/Acuático"
"Carduelis corsicana","No_Filtrar_Residente","Residente","BirdLife International","","","","Terrestre/Acuático"
"Carpodacus erythrinus","Filtrar_Cria","Migrador estival","BirdLife International","Mayo","Agosto","","Terrestre/Acuático"
"Carpodacus roseus","Excluir","Divagante (Asia)","BirdLife International","","","","Terrestre/Acuático"
"Carpodacus sibiricus","Excluir","Divagante (Asia)","BirdLife International","","","","Terrestre/Acuático"
"Cecropis rufula","Filtrar_Cria","Migrador estival","BirdLife International","Mayo","Agosto","","Aéreo"
"Cepphus grylle","Excluir","Ave marina","BirdLife International","","","","Mixto - Vuelo Frecuente"
"Certhia brachydactyla","No_Filtrar_Residente","Residente","BirdLife International","","","","Terrestre/Acuático"
"Certhia familiaris","No_Filtrar_Residente","Residente","BirdLife International","","","","Terrestre/Acuático"
"Cettia cetti","No_Filtrar_Residente","Residente","BirdLife International","","","","Terrestre/Acuático"
"Charadrius dubius","Filtrar_Cria","Migrador estival; cría común en Europa","BirdLife International","Abril","Septiembre","","Terrestre/Acuático"
"Charadrius hiaticula","Filtrar_Cria","Migrador; cría en el norte y costas","BirdLife International","Marzo","Agosto","","Terrestre/Acuático"
"Charadrius semipalmatus","Excluir","Divagante (América)","BirdLife International","","","","Terrestre/Acuático"
"Chersophilus duponti","No_Filtrar_Residente","Residente","BirdLife International","","","","Terrestre/Acuático"
"Chlidonias hybrida","Filtrar_Cria","Migrador estival","BirdLife International","Junio","Julio","","Mixto - Vuelo Frecuente"
"Chlidonias leucopterus","Filtrar_Cria","Migrador estival","BirdLife International","Mayo","Julio","","Mixto - Vuelo Frecuente"
"Chlidonias niger","Filtrar_Cria","Migrador estival","BirdLife International","Mayo","Junio","","Mixto - Vuelo Frecuente"
"Chloris chloris","Filtrar_Cria","Migrador parcial","BirdLife International","Marzo","Junio","","Terrestre/Acuático"
"Chloris sinica","Excluir","Divagante (Asia)","BirdLife International","","","","Terrestre/Acuático"
"Chroicocephalus genei","Filtrar_Cria","Migrador parcial","BirdLife International","Abril","Junio","","Mixto - Vuelo Frecuente"
"Chroicocephalus philadelphia","Excluir","Divagante (América)","BirdLife International","","","","Mixto - Vuelo Frecuente"
"Chroicocephalus ridibundus","Filtrar_Cria","Migrador parcial","BirdLife International","Marzo","Agosto","","Mixto - Vuelo Frecuente"
"Ciconia ciconia","Filtrar_Cria","Migrador estival","BirdLife International","Marzo","Julio","","Mixto - Vuelo Frecuente"
"Ciconia nigra","Filtrar_Cria","Migrador estival","BirdLife International","Abril","Agosto","","Mixto - Vuelo Frecuente"
"Cinclus cinclus","No_Filtrar_Residente","Residente","BirdLife International","","","","Terrestre/Acuático"
"Circaetus gallicus","Filtrar_Cria","Migrador estival","BirdLife International","Mayo","Agosto","","Mixto - Vuelo Frecuente"
"Circus aeruginosus","Filtrar_Cria","Migrador parcial","BirdLife International","Mayo","Agosto","","Mixto - Vuelo Frecuente"
"Circus cyaneus","Filtrar_Cria","Migrador parcial","BirdLife International","Marzo","Julio","","Mixto - Vuelo Frecuente"
"Circus macrourus","Filtrar_Cria","Migrador (en paso)","BirdLife International","Mayo","Julio","Cría principalmente fuera del área de estudio.","Mixto - Vuelo Frecuente"
"Circus melanoleucos","Excluir","Divagante (Asia)","BirdLife International","","","","Mixto - Vuelo Frecuente"
"Circus pygargus","Filtrar_Cria","Migrador estival","BirdLife International","Mayo","Julio","","Mixto - Vuelo Frecuente"
"Circus spilonotus","Excluir","Divagante (Asia)","BirdLife International","","","","Mixto - Vuelo Frecuente"
"Clamator glandarius","Filtrar_Cria","Migrador estival","BirdLife International","Abril","Junio","","Terrestre/Acuático"
"Clanga clanga","Filtrar_Cria","Migrador estival","BirdLife International","Mayo","Agosto","","Mixto - Vuelo Frecuente"
"Clanga pomarina","Filtrar_Cria","Migrador estival","BirdLife International","Abril","Agosto","","Mixto - Vuelo Frecuente"
"Coccothraustes coccothraustes","No_Filtrar_Residente","Residente","BirdLife International","","","","Terrestre/Acuático"
"Coloeus dauuricus","Excluir","Divagante (Asia)","BirdLife International","","","","Terrestre/Acuático"
"Coloeus monedula","No_Filtrar_Residente","Residente","BirdLife International","","","","Terrestre/Acuático"
"Columba bollii","Excluir","Residente (endémico Canario)","BirdLife International","","","","Terrestre/Acuático"
"Columba junoniae","No_Filtrar_Residente","Residente (endémico Canario)","BirdLife International","","","","Terrestre/Acuático"
"Columba livia","No_Filtrar_Residente","Residente","BirdLife International","","","","Terrestre/Acuático"
"Columba oenas","Filtrar_Cria","Migrador parcial","BirdLife International","Febrero","Julio","","Terrestre/Acuático"
"Columba palumbus","Filtrar_Cria","Migrador parcial","BirdLife International","Marzo","Septiembre","Puestas ocasionales fuera de este rango.","Terrestre/Acuático"
"Columba trocaz","No_Filtrar_Residente","Residente (endémico Madeira)","BirdLife International","","","","Terrestre/Acuático"
"Coracias garrulus","Filtrar_Cria","Migrador estival","BirdLife International","Mayo","Julio","","Terrestre/Acuático"
"Corvus corax","No_Filtrar_Residente","Residente","BirdLife International","","","","Terrestre/Acuático"
"Corvus cornix","No_Filtrar_Residente","Residente","BirdLife International","","","","Terrestre/Acuático"
"Corvus corone","Filtrar_Cria","Migrador parcial","BirdLife International","Marzo","Julio","","Terrestre/Acuático"
"Corvus frugilegus","Filtrar_Cria","Migrador parcial","BirdLife International","Marzo","Junio","","Terrestre/Acuático"
"Corvus macrorhynchos","Excluir","Divagante (Asia)","BirdLife International","","","","Terrestre/Acuático"
"Coturnix coturnix","Filtrar_Cria","Migrador estival","BirdLife International","Mayo","Agosto","","Terrestre/Acuático"
"Crex crex","Filtrar_Cria","Migrador estival","BirdLife International","Junio","Agosto","","Terrestre/Acuático"
"Cuculus canorus","Filtrar_Cria","Migrador estival","BirdLife International","Mayo","Agosto","","Terrestre/Acuático"
"Cursorius cursor","Excluir","Visitante raro (periférico)","BirdLife International","","","","Terrestre/Acuático"
"Curruca balearica","No_Filtrar_Residente","Residente","BirdLife International","","","","Terrestre/Acuático"
"Curruca cantillans","Filtrar_Cria","Migrador estival","BirdLife International","Marzo","Junio","","Terrestre/Acuático"
"Curruca communis","Filtrar_Cria","Migrador estival","BirdLife International","Mayo","Julio","","Terrestre/Acuático"
"Curruca conspicillata","Filtrar_Cria","Migrador parcial","BirdLife International","Marzo","Junio","","Terrestre/Acuático"
"Curruca crassirostris","Filtrar_Cria","Migrador estival (borde oriental)","BirdLife International","Mayo","Julio","","Terrestre/Acuático"
"Curruca curruca","Filtrar_Cria","Migrador estival","BirdLife International","Abril","Julio","","Terrestre/Acuático"
"Curruca hortensis","Filtrar_Cria","Migrador estival","BirdLife International","Abril","Agosto","","Terrestre/Acuático"
"Curruca melanocephala","No_Filtrar_Residente","Residente","BirdLife International","","","","Terrestre/Acuático"
"Curruca nisoria","Filtrar_Cria","Migrador estival","BirdLife International","Mayo","Julio","","Terrestre/Acuático"
"Curruca ruppeli","Filtrar_Cria","Migrador estival","BirdLife International","Abril","Mayo","","Terrestre/Acuático"
"Curruca subalpina","Filtrar_Cria","Migrador estival","BirdLife International","Abril","Junio","","Terrestre/Acuático"
"Cyanistes caeruleus","No_Filtrar_Residente","Residente","BirdLife International","","","","Terrestre/Acuático"
"Cyanistes cyanus","Excluir","Divagante (Asia)","BirdLife International","","","","Terrestre/Acuático"
"Cyanistes teneriffae","No_Filtrar_Residente","Residente","BirdLife International","","","","Terrestre/Acuático"
"Cyanopica cooki","No_Filtrar_Residente","Residente","BirdLife International","","","","Terrestre/Acuático"
"Cyanopica cyanus","Excluir","Divagante (Asia)","BirdLife International","","","","Terrestre/Acuático"
"Cyanoptila cyanomelana","Excluir","Divagante (Asia)","BirdLife International","","","","Terrestre/Acuático"
"Cygnus atratus","Excluir","Introducida","BirdLife International","","","","Terrestre/Acuático"
"Cygnus columbianus","Excluir","Visitante invernal","BirdLife International","","","","Terrestre/Acuático"
"Cygnus melancoryphus","Excluir","Introducida","BirdLife International","","","","Terrestre/Acuático"
"Cygnus olor","No_Filtrar_Residente","Residente","BirdLife International","","","","Terrestre/Acuático"
"Delichon dasypus","Excluir","Divagante (Asia)","BirdLife International","","","","Aéreo"
"Delichon urbicum","Filtrar_Cria","Migrador estival","BirdLife International","Abril","Agosto","Puede tener varias nidadas.","Aéreo"
"Dendrocopos leucotos","No_Filtrar_Residente","Residente","BirdLife International","","","","Terrestre/Acuático"
"Dendrocopos major","Filtrar_Cria","Migrador parcial","BirdLife International","Abril","Junio","","Terrestre/Acuático"
"Dendrocopos syriacus","Excluir","Visitante raro (periférico)","BirdLife International","","","","Terrestre/Acuático"
"Dendrocoptes medius","No_Filtrar_Residente","Residente","BirdLife International","","","","Terrestre/Acuático"
"Dendrocygna autumnalis","Excluir","Introducida","BirdLife International","","","","Terrestre/Acuático"
"Dryobates minor","No_Filtrar_Residente","Residente","BirdLife International","","","","Terrestre/Acuático"
"Dryocopus martius","No_Filtrar_Residente","Residente","BirdLife International","","","","Terrestre/Acuático"
"Egretta garzetta","Filtrar_Cria","Migrador parcial","BirdLife International","Abril","Julio","","Terrestre/Acuático"
"Egretta gularis","Excluir","Divagante (África/Asia)","BirdLife International","","","","Terrestre/Acuático"
"Elanus caeruleus","No_Filtrar_Residente","Residente","BirdLife International","","","","Mixto - Vuelo Frecuente"
"Emberiza aureola","Excluir","Divagante (Asia)","BirdLife International","","","","Terrestre/Acuático"
"Emberiza caesia","Filtrar_Cria","Migrador estival","BirdLife International","Abril","Junio","","Terrestre/Acuático"
"Emberiza calandra","No_Filtrar_Residente","Residente","BirdLife International","","","","Terrestre/Acuático"
"Emberiza cineracea","Excluir","Visitante raro (periférico)","BirdLife International","","","","Terrestre/Acuático"
"Emberiza cioides","Excluir","Divagante (Asia)","BirdLife International","","","","Terrestre/Acuático"
"Emberiza cirlus","No_Filtrar_Residente","Residente","BirdLife International","","","","Terrestre/Acuático"
"Emberiza citrinella","No_Filtrar_Residente","Residente","BirdLife International","","","","Terrestre/Acuático"
"Emberiza elegans","Excluir","Divagante (Asia)","BirdLife International","","","","Terrestre/Acuático"
"Emberiza hortulana","Filtrar_Cria","Migrador estival","BirdLife International","Mayo","Julio","","Terrestre/Acuático"
"Emberiza leucocephalos","Filtrar_Cria","Migrador parcial (cría en borde oriental)","BirdLife International","Mayo","Julio","","Terrestre/Acuático"
"Emberiza melanocephala","Filtrar_Cria","Migrador estival","BirdLife International","Mayo","Julio","","Terrestre/Acuático"
"Emberiza pallasi","Excluir","Divagante (Asia)","BirdLife International","","","","Terrestre/Acuático"
"Emberiza pusilla","Excluir","Divagante (Asia)","BirdLife International","","","","Terrestre/Acuático"
"Emberiza rustica","Filtrar_Cria","Migrador (en paso)","BirdLife International","Mayo","Julio","","Terrestre/Acuático"
"Emberiza schoeniclus","Filtrar_Cria","Migrador parcial","BirdLife International","Abril","Julio","","Terrestre/Acuático"
"Emberiza spodocephala","Filtrar_Cria","Migrador estival (borde oriental)","BirdLife International","Junio","Agosto","","Terrestre/Acuático"
"Emberiza tristrami","Excluir","Divagante (Asia)","BirdLife International","","","","Terrestre/Acuático"
"Emberiza yessoensis","Excluir","Divagante (Asia)","BirdLife International","","","","Terrestre/Acuático"
"Erithacus rubecula","Filtrar_Cria","Migrador parcial","BirdLife International","Marzo","Julio","","Terrestre/Acuático"
"Estrilda astrild","Excluir","Introducida","BirdLife International","","","","Terrestre/Acuático"
"Eudromias morinellus","Filtrar_Cria","Migrador estival","BirdLife International","Mayo","Agosto","","Terrestre/Acuático"
"Euodice malabarica","Excluir","Introducida","BirdLife International","","","","Terrestre/Acuático"
"Falco amurensis","Excluir","Divagante (Asia)","BirdLife International","","","","Mixto - Vuelo Frecuente"
"Falco columbarius","Filtrar_Cria","Migrador parcial","BirdLife International","Abril","Julio","","Mixto - Vuelo Frecuente"
"Falco eleonorae","Filtrar_Cria","Migrador estival","BirdLife International","Julio","Septiembre","Cría tardía especializada.","Mixto - Vuelo Frecuente"
"Falco naumanni","Filtrar_Cria","Migrador estival","BirdLife International","Abril","Julio","","Mixto - Vuelo Frecuente"
"Falco peregrinus","No_Filtrar_Residente","Residente","BirdLife International","","","","Mixto - Vuelo Frecuente"
"Falco subbuteo","Filtrar_Cria","Migrador estival","BirdLife International","Mayo","Agosto","","Mixto - Vuelo Frecuente"
"Falco tinnunculus","Filtrar_Cria","Migrador parcial","BirdLife International","Abril","Julio","Puede empezar antes en el sur.","Mixto - Vuelo Frecuente"
"Falco vespertinus","Filtrar_Cria","Migrador estival","BirdLife International","Mayo","Julio","","Mixto - Vuelo Frecuente"
"Ficedula albicollis","Filtrar_Cria","Migrador estival","BirdLife International","Mayo","Junio","","Terrestre/Acuático"
"Ficedula hypoleuca","Filtrar_Cria","Migrador estival","BirdLife International","Mayo","Junio","","Terrestre/Acuático"
"Ficedula parva","Filtrar_Cria","Migrador estival","BirdLife International","Mayo","Julio","","Terrestre/Acuático"
"Ficedula semitorquata","Filtrar_Cria","Migrador estival","BirdLife International","Mayo","Junio","","Terrestre/Acuático"
"Ficedula zanthopygia","Excluir","Divagante (Asia)","BirdLife International","","","","Terrestre/Acuático"
"Fratercula arctica","Excluir","Ave marina","BirdLife International","","","","Mixto - Vuelo Frecuente"
"Fregetta tropica","Excluir","Ave marina","BirdLife International","","","","Mixto - Vuelo Frecuente"
"Fringilla canariensis","No_Filtrar_Residente","Residente (endémico Canario)","BirdLife International","","","","Terrestre/Acuático"
"Fringilla coelebs","Filtrar_Cria","Migrador parcial","BirdLife International","Abril","Julio","","Terrestre/Acuático"
"Fringilla montifringilla","Excluir","Visitante invernal","BirdLife International","","","","Terrestre/Acuático"
"Fulica atra","Filtrar_Cria","Migrador parcial","BirdLife International","Marzo","Agosto","","Terrestre/Acuático"
"Fulmarus glacialis","Excluir","Ave marina","BirdLife International","","","","Mixto - Vuelo Frecuente"
"Galerida theklae","No_Filtrar_Residente","Residente","BirdLife International","","","","Terrestre/Acuático"
"Gallinago delicata","Excluir","Divagante (América)","BirdLife International","","","","Terrestre/Acuático"
"Gallinago hardwickii","Excluir","Divagante (Asia)","BirdLife International","","","","Terrestre/Acuático"
"Gallinago media","Excluir","Migrador (en paso)","BirdLife International","","","","Terrestre/Acuático"
"Gallinula chloropus","No_Filtrar_Residente","Residente","BirdLife International","","","","Terrestre/Acuático"
"Garrulus glandarius","No_Filtrar_Residente","Residente","BirdLife International","","","","Terrestre/Acuático"
"Gavia arctica","Excluir","Visitante invernal","BirdLife International","","","","Terrestre/Acuático"
"Gavia immer","Excluir","Visitante invernal","BirdLife International","","","","Terrestre/Acuático"
"Gavia pacifica","Excluir","Divagante (América)","BirdLife International","","","","Terrestre/Acuático"
"Gavia stellata","Excluir","Visitante invernal","BirdLife International","","","","Terrestre/Acuático"
"Gelochelidon nilotica","Filtrar_Cria","Migrador estival","BirdLife International","Mayo","Julio","","Mixto - Vuelo Frecuente"
"Geronticus eremita","No_Filtrar_Residente","Residente (reintroducida)","BirdLife International","","","","Terrestre/Acuático"
"Glareola nordmanni","Filtrar_Cria","Migrador estival","BirdLife International","Mayo","Julio","","Mixto - Vuelo Frecuente"
"Glaucidium passerinum","No_Filtrar_Residente","Residente","BirdLife International","","","","Terrestre/Acuático"
"Grus grus","Filtrar_Cria","Migrador estival","BirdLife International","Abril","Junio","","Terrestre/Acuático"
"Grus japonensis","Excluir","Divagante (Asia)","BirdLife International","","","","Terrestre/Acuático"
"Grus monacha","Excluir","Divagante (Asia)","BirdLife International","","","","Terrestre/Acuático"
"Gulosus aristotelis","No_Filtrar_Residente","Residente (marino costero)","BirdLife International","","","","Terrestre/Acuático"
"Gypaetus barbatus","No_Filtrar_Residente","Residente","BirdLife International","","","","Mixto - Vuelo Frecuente"
"Gyps fulvus","No_Filtrar_Residente","Residente","BirdLife International","","","","Mixto - Vuelo Frecuente"
"Haematopus ostralegus","Filtrar_Cria","Migrador parcial","BirdLife International","Abril","Julio","","Terrestre/Acuático"
"Haliaeetus albicilla","Filtrar_Cria","Migrador parcial","BirdLife International","Febrero","Julio","","Mixto - Vuelo Frecuente"
"Helopsaltes certhiola","Excluir","Divagante (Asia)","BirdLife International","","","","Terrestre/Acuático"
"Hieraaetus pennatus","Filtrar_Cria","Migrador estival","BirdLife International","Abril","Agosto","","Mixto - Vuelo Frecuente"
"Hierococcyx hyperythrus","Excluir","Divagante (Asia)","BirdLife International","","","","Terrestre/Acuático"
"Himantopus himantopus","Filtrar_Cria","Migrador estival","BirdLife International","Abril","Julio","","Terrestre/Acuático"
"Hippolais icterina","Filtrar_Cria","Migrador estival","BirdLife International","Mayo","Julio","","Terrestre/Acuático"
"Hippolais olivetorum","Filtrar_Cria","Migrador estival","BirdLife International","Mayo","Julio","","Terrestre/Acuático"
"Hippolais polyglotta","Filtrar_Cria","Migrador estival","BirdLife International","Mayo","Julio","","Terrestre/Acuático"
"Hirundapus caudacutus","Excluir","Divagante (Asia)","BirdLife International","","","","Aéreo"
"Hirundo rustica","Filtrar_Cria","Migrador estival","BirdLife International","Marzo","Septiembre","","Aéreo"
"Hydrobates castro","Excluir","Ave marina","BirdLife International","","","","Mixto - Vuelo Frecuente"
"Hydrobates pelagicus","Excluir","Ave marina","BirdLife International","","","","Mixto - Vuelo Frecuente"
"Hydrocoloeus minutus","Filtrar_Cria","Migrador (en paso)","BirdLife International","Mayo","Julio","","Mixto - Vuelo Frecuente"
"Hydroprogne caspia","Filtrar_Cria","Migrador estival","BirdLife International","Abril","Julio","","Mixto - Vuelo Frecuente"
"Ichthyaetus ichthyaetus","Filtrar_Cria","Migrador estival","BirdLife International","Abril","Julio","","Mixto - Vuelo Frecuente"
"Ichthyaetus melanocephalus","Filtrar_Cria","Migrador estival","BirdLife International","Abril","Julio","","Mixto - Vuelo Frecuente"
"Icterus galbula","Excluir","Divagante (América)","BirdLife International","","","","Terrestre/Acuático"
"Iduna caligata","Filtrar_Cria","Migrador estival (borde oriental)","BirdLife International","Mayo","Julio","","Terrestre/Acuático"
"Iduna opaca","Filtrar_Cria","Migrador estival","BirdLife International","Abril","Junio","","Terrestre/Acuático"
"Iduna pallida","Filtrar_Cria","Migrador estival","BirdLife International","Abril","Junio","","Terrestre/Acuático"
"Irania gutturalis","Filtrar_Cria","Migrador estival (borde oriental)","BirdLife International","Mayo","Junio","","Terrestre/Acuático"
"Jynx torquilla","Filtrar_Cria","Migrador estival","BirdLife International","Mayo","Julio","","Terrestre/Acuático"
"Lagopus lagopus","Excluir","Residente (ártico/alpino)","BirdLife International","","","","Terrestre/Acuático"
"Lanius collurio","Filtrar_Cria","Migrador estival","BirdLife International","Mayo","Julio","","Terrestre/Acuático"
"Lanius cristatus","Excluir","Divagante (Asia)","BirdLife International","","","","Terrestre/Acuático"
"Lanius meridionalis","No_Filtrar_Residente","Residente","BirdLife International","","","","Terrestre/Acuático"
"Lanius minor","Filtrar_Cria","Migrador estival","BirdLife International","Mayo","Julio","","Terrestre/Acuático"
"Lanius schach","Excluir","Divagante (Asia)","BirdLife International","","","","Terrestre/Acuático"
"Lanius senator","Filtrar_Cria","Migrador estival","BirdLife International","Mayo","Julio","","Terrestre/Acuático"
"Larus argentatus","Filtrar_Cria","Migrador parcial","BirdLife International","Abril","Agosto","","Mixto - Vuelo Frecuente"
"Larus cachinnans","Filtrar_Cria","Migrador parcial; cría en Europa oriental","BirdLife International","Abril","Agosto","","Mixto - Vuelo Frecuente"
"Larus crassirostris","Excluir","Divagante (Asia)","BirdLife International","","","","Mixto - Vuelo Frecuente"
"Larus delawarensis","Excluir","Divagante (América)","BirdLife International","","","","Mixto - Vuelo Frecuente"
"Larus fuscus","Filtrar_Cria","Migrador parcial","BirdLife International","Abril","Agosto","","Mixto - Vuelo Frecuente"
"Larus glaucoides","Excluir","Visitante invernal","BirdLife International","","","","Mixto - Vuelo Frecuente"
"Larus hyperboreus","Excluir","Visitante invernal","BirdLife International","","","","Mixto - Vuelo Frecuente"
"Larus marinus","No_Filtrar_Residente","Residente","BirdLife International","","","","Mixto - Vuelo Frecuente"
"Larus michahellis","Filtrar_Cria","Migrador parcial","BirdLife International","Marzo","Agosto","","Mixto - Vuelo Frecuente"
"Larus schistisagus","Excluir","Divagante (Asia)","BirdLife International","","","","Mixto - Vuelo Frecuente"
"Larvivora cyane","Excluir","Divagante (Asia)","BirdLife International","","","","Terrestre/Acuático"
"Limosa lapponica","Filtrar_Cria","Migrador (en paso)","BirdLife International","Mayo","Julio","","Terrestre/Acuático"
"Limosa limosa","Filtrar_Cria","Migrador estival","BirdLife International","Abril","Julio","","Terrestre/Acuático"
"Linaria cannabina","Filtrar_Cria","Migrador parcial","BirdLife International","Abril","Agosto","","Terrestre/Acuático"
"Linaria flavirostris","Filtrar_Cria","Migrador parcial; cría en NO de Europa","BirdLife International","Abril","Julio","","Terrestre/Acuático"
"Locustella luscinioides","Filtrar_Cria","Migrador estival","BirdLife International","Abril","Julio","","Terrestre/Acuático"
"Locustella naevia","Filtrar_Cria","Migrador estival","BirdLife International","Mayo","Julio","","Terrestre/Acuático"
"Lophodytes cucullatus","Excluir","Divagante (América)","BirdLife International","","","","Terrestre/Acuático"
"Lophophanes cristatus","No_Filtrar_Residente","Residente","BirdLife International","","","","Terrestre/Acuático"
"Loxia curvirostra","Filtrar_Cria","Residente (movimientos irruptivos)","BirdLife International","Febrero","Junio","Muy variable, depende de la cosecha de piñas.","Terrestre/Acuático"
"Loxia pytyopsittacus","No_Filtrar_Residente","Residente boreal en Fennoscandia","BirdLife International","","","","Terrestre/Acuático"
"Loxia scotica","No_Filtrar_Residente","Residente (endémico Escocia)","BirdLife International","","","","Terrestre/Acuático"
"Lullula arborea","Filtrar_Cria","Migrador parcial","BirdLife International","Marzo","Agosto","","Terrestre/Acuático"
"Luscinia megarhynchos","Filtrar_Cria","Migrador estival","BirdLife International","Abril","Julio","","Terrestre/Acuático"
"Luscinia svecica","Filtrar_Cria","Migrador estival","BirdLife International","Abril","Julio","","Terrestre/Acuático"
"Lyrurus tetrix","Excluir","Residente (nicho específico)","BirdLife International","","","","Terrestre/Acuático"
"Mareca falcata","Excluir","Divagante (Asia)","BirdLife International","","","","Terrestre/Acuático"
"Mareca penelope","Filtrar_Cria","Migrador (en paso)","BirdLife International","Mayo","Julio","","Terrestre/Acuático"
"Mareca strepera","Filtrar_Cria","Migrador parcial","BirdLife International","Abril","Julio","","Terrestre/Acuático"
"Meleagris gallopavo","Excluir","Introducida","BirdLife International","","","","Terrestre/Acuático"
"Melanitta americana","Excluir","Divagante (América)","BirdLife International","","","","Terrestre/Acuático"
"Melanitta fusca","Excluir","Visitante invernal","BirdLife International","","","","Terrestre/Acuático"
"Melanitta nigra","Excluir","Visitante invernal","BirdLife International","","","","Terrestre/Acuático"
"Melanocorypha calandra","Filtrar_Cria","Migrador parcial","BirdLife International","Abril","Julio","","Terrestre/Acuático"
"Merops apiaster","Filtrar_Cria","Migrador estival","BirdLife International","Mayo","Julio","","Mixto - Vuelo Frecuente"
"Mergus merganser","No_Filtrar_Residente","Migrador parcial","BirdLife International","","","","Terrestre/Acuático"
"Milvus migrans","Filtrar_Cria","Migrador estival","BirdLife International","Marzo","Julio","","Mixto - Vuelo Frecuente"
"Milvus milvus","Filtrar_Cria","Migrador parcial","BirdLife International","Marzo","Julio","","Mixto - Vuelo Frecuente"
"Monticola saxatilis","Filtrar_Cria","Migrador estival","BirdLife International","Mayo","Julio","","Terrestre/Acuático"
"Monticola solitarius","Filtrar_Cria","Migrador parcial","BirdLife International","Abril","Julio","","Terrestre/Acuático"
"Montifringilla nivalis","Excluir","Residente (nicho alpino)","BirdLife International","","","","Terrestre/Acuático"
"Morus bassanus","Excluir","Ave marina","BirdLife International","","","","Mixto - Vuelo Frecuente"
"Motacilla alba","Filtrar_Cria","Migrador parcial","BirdLife International","Marzo","Agosto","","Terrestre/Acuático"
"Motacilla flava","Filtrar_Cria","Migrador estival","BirdLife International","Abril","Agosto","","Terrestre/Acuático"
"Motacilla tschutschensis","Excluir","Divagante (Asia)","BirdLife International","","","","Terrestre/Acuático"
"Muscicapa dauurica","Excluir","Divagante (Asia)","BirdLife International","","","","Terrestre/Acuático"
"Muscicapa striata","Filtrar_Cria","Migrador estival","BirdLife International","Mayo","Agosto","","Terrestre/Acuático"
"Myiopsitta monachus","Excluir","Introducida","BirdLife International","","","","Terrestre/Acuático"
"Neophron percnopterus","Filtrar_Cria","Migrador estival","BirdLife International","Marzo","Agosto","","Mixto - Vuelo Frecuente"
"Netta rufina","Filtrar_Cria","Migrador parcial","BirdLife International","Abril","Julio","","Terrestre/Acuático"
"Nucifraga caryocatactes","No_Filtrar_Residente","Residente con movimientos irruptivos","BirdLife International","","","","Terrestre/Acuático"
"Numenius arquata","Filtrar_Cria","Migrador parcial","BirdLife International","Abril","Junio","","Terrestre/Acuático"
"Nyctanassa violacea","Excluir","Divagante (América)","BirdLife International","","","","Terrestre/Acuático"
"Nycticorax nycticorax","Filtrar_Cria","Migrador estival","BirdLife International","Abril","Agosto","","Terrestre/Acuático"
"Oenanthe deserti","Excluir","Divagante (Asia/África)","BirdLife International","","","","Terrestre/Acuático"
"Oenanthe isabellina","Filtrar_Cria","Migrador estival","BirdLife International","Abril","Junio","","Terrestre/Acuático"
"Oenanthe oenanthe","Filtrar_Cria","Migrador estival","BirdLife International","Abril","Julio","","Terrestre/Acuático"
"Oenanthe pleschanka","Filtrar_Cria","Migrador estival","BirdLife International","Mayo","Julio","","Terrestre/Acuático"
"Oriolus oriolus","Filtrar_Cria","Migrador estival","BirdLife International","Mayo","Julio","","Terrestre/Acuático"
"Otis tarda","Filtrar_Cria","Migrador parcial","BirdLife International","Abril","Junio","","Terrestre/Acuático"
"Otus scops","Filtrar_Cria","Migrador estival","BirdLife International","Abril","Julio","","Terrestre/Acuático"
"Pandion haliaetus","Filtrar_Cria","Migrador estival","BirdLife International","Marzo","Agosto","","Mixto - Vuelo Frecuente"
"Parkesia noveboracensis","Excluir","Divagante (América)","BirdLife International","","","","Terrestre/Acuático"
"Parus major","No_Filtrar_Residente","Residente","BirdLife International","","","","Terrestre/Acuático"
"Passer domesticus","No_Filtrar_Residente","Residente","BirdLife International","","","","Terrestre/Acuático"
"Passer hispaniolensis","No_Filtrar_Residente","Migrador parcial","BirdLife International","","","","Terrestre/Acuático"
"Passer italiae","No_Filtrar_Residente","Residente","BirdLife International","","","","Terrestre/Acuático"
"Passer montanus","No_Filtrar_Residente","Residente","BirdLife International","","","","Terrestre/Acuático"
"Pastor roseus","Filtrar_Cria","Migrador estival irruptivo; cría irregular en SE Europa","BirdLife International","Mayo","Julio","","Terrestre/Acuático"
"Pelecanus crispus","Excluir","Visitante raro","BirdLife International","","","","Mixto - Vuelo Frecuente"
"Pelecanus onocrotalus","Excluir","Visitante raro","BirdLife International","","","","Mixto - Vuelo Frecuente"
"Pelagodroma marina","Excluir","Ave marina","BirdLife International","","","","Mixto - Vuelo Frecuente"
"Periparus ater","No_Filtrar_Residente","Residente","BirdLife International","","","","Terrestre/Acuático"
"Perisoreus infaustus","No_Filtrar_Residente","Residente","BirdLife International","","","","Terrestre/Acuático"
"Pernis apivorus","Filtrar_Cria","Migrador estival","BirdLife International","Mayo","Agosto","","Mixto - Vuelo Frecuente"
"Petronia petronia","No_Filtrar_Residente","Residente","BirdLife International","","","","Terrestre/Acuático"
"Phalacrocorax carbo","Filtrar_Cria","Migrador parcial","BirdLife International","Febrero","Agosto","","Terrestre/Acuático"
"Phalaropus fulicarius","Excluir","Ave marina (en paso)","BirdLife International","","","","Mixto - Vuelo Frecuente"
"Phalaropus lobatus","Filtrar_Cria","Migrador (en paso)","BirdLife International","Mayo","Julio","","Terrestre/Acuático"
"Phalaropus tricolor","Excluir","Divagante (América)","BirdLife International","","","","Terrestre/Acuático"
"Phasianus colchicus","Excluir","Introducida","BirdLife International","","","","Terrestre/Acuático"
"Phoeniconaias minor","Excluir","Divagante (África)","BirdLife International","","","","Terrestre/Acuático"
"Phoenicopterus chilensis","Excluir","Introducida","BirdLife International","","","","Terrestre/Acuático"
"Phoenicopterus roseus","Filtrar_Cria","Migrador parcial (dispersivo)","BirdLife International","Abril","Agosto","","Terrestre/Acuático"
"Phoenicurus ochruros","Filtrar_Cria","Migrador parcial","BirdLife International","Marzo","Agosto","","Terrestre/Acuático"
"Phoenicurus phoenicurus","Filtrar_Cria","Migrador estival","BirdLife International","Abril","Julio","","Terrestre/Acuático"
"Phylloscopus bonelli","Filtrar_Cria","Migrador estival","BirdLife International","Mayo","Julio","","Terrestre/Acuático"
"Phylloscopus borealis","Excluir","Divagante (Asia)","BirdLife International","","","","Terrestre/Acuático"
"Phylloscopus collybita","Filtrar_Cria","Migrador parcial","BirdLife International","Marzo","Julio","","Terrestre/Acuático"
"Phylloscopus fuscatus","Excluir","Divagante (Asia)","BirdLife International","","","","Terrestre/Acuático"
"Phylloscopus humei","Filtrar_Cria","Migrador (en paso)","BirdLife International","Mayo","Julio","","Terrestre/Acuático"
"Phylloscopus ibericus","Filtrar_Cria","Migrador estival","BirdLife International","Abril","Junio","","Terrestre/Acuático"
"Phylloscopus inornatus","Filtrar_Cria","Migrador (en paso)","BirdLife International","Mayo","Julio","","Terrestre/Acuático"
"Phylloscopus orientalis","Excluir","Divagante (Asia)","BirdLife International","","","","Terrestre/Acuático"
"Phylloscopus proregulus","Filtrar_Cria","Migrador (en paso)","BirdLife International","Mayo","Julio","","Terrestre/Acuático"
"Phylloscopus sibilatrix","Filtrar_Cria","Migrador estival","BirdLife International","Mayo","Julio","","Terrestre/Acuático"
"Phylloscopus trochiloides","Filtrar_Cria","Migrador estival (borde oriental)","BirdLife International","Mayo","Julio","","Terrestre/Acuático"
"Phylloscopus trochilus","Filtrar_Cria","Migrador estival","BirdLife International","Abril","Julio","","Terrestre/Acuático"
"Pica pica","No_Filtrar_Residente","Residente","BirdLife International","","","","Terrestre/Acuático"
"Pica serica","Excluir","Divagante (Asia)","BirdLife International","","","","Terrestre/Acuático"
"Picus sharpei","No_Filtrar_Residente","Residente","BirdLife International","","","","Terrestre/Acuático"
"Picus viridis","No_Filtrar_Residente","Residente","BirdLife International","","","","Terrestre/Acuático"
"Platalea leucorodia","Filtrar_Cria","Migrador parcial","BirdLife International","Marzo","Julio","","Terrestre/Acuático"
"Plegadis falcinellus","Filtrar_Cria","Migrador parcial","BirdLife International","Abril","Julio","","Terrestre/Acuático"
"Ploceus melanocephalus","Excluir","Introducida","BirdLife International","","","","Terrestre/Acuático"
"Pluvialis fulva","Filtrar_Cria","Migrador (en paso)","BirdLife International","Mayo","Julio","","Terrestre/Acuático"
"Pluvialis squatarola","Filtrar_Cria","Migrador (en paso)","BirdLife International","Mayo","Julio","","Terrestre/Acuático"
"Podiceps auritus","Filtrar_Cria","Migrador estival","BirdLife International","Abril","Agosto","","Terrestre/Acuático"
"Podiceps cristatus","Filtrar_Cria","Migrador parcial","BirdLife International","Febrero","Septiembre","","Terrestre/Acuático"
"Podiceps grisegena","Filtrar_Cria","Migrador estival","BirdLife International","Abril","Agosto","","Terrestre/Acuático"
"Podiceps nigricollis","Filtrar_Cria","Migrador estival","BirdLife International","Abril","Agosto","","Terrestre/Acuático"
"Podilymbus podiceps","Excluir","Divagante (América)","BirdLife International","","","","Terrestre/Acuático"
"Poecile cinctus","No_Filtrar_Residente","Residente","BirdLife International","","","","Terrestre/Acuático"
"Poecile lugubris","No_Filtrar_Residente","Residente en SE de Europa","BirdLife International","","","","Terrestre/Acuático"
"Poecile montanus","No_Filtrar_Residente","Residente","BirdLife International","","","","Terrestre/Acuático"
"Poecile palustris","No_Filtrar_Residente","Residente","BirdLife International","","","","Terrestre/Acuático"
"Porphyrio porphyrio","No_Filtrar_Residente","Residente","BirdLife International","","","","Terrestre/Acuático"
"Porzana porzana","Filtrar_Cria","Migrador estival","BirdLife International","Abril","Julio","","Terrestre/Acuático"
"Prunella modularis","Filtrar_Cria","Migrador parcial","BirdLife International","Marzo","Agosto","","Terrestre/Acuático"
"Prunella montanella","Excluir","Divagante (Asia)","BirdLife International","","","","Terrestre/Acuático"
"Psittacula eupatria","Excluir","Introducida","BirdLife International","","","","Terrestre/Acuático"
"Psittacula krameri","Excluir","Introducida","BirdLife International","","","","Terrestre/Acuático"
"Pterocles alchata","Filtrar_Cria","Migrador parcial (altitudinal)","BirdLife International","Abril","Agosto","","Terrestre/Acuático"
"Pterodroma feae","Excluir","Ave marina","BirdLife International","","","","Mixto - Vuelo Frecuente"
"Pterodroma madeira","Excluir","Ave marina","BirdLife International","","","","Mixto - Vuelo Frecuente"
"Puffinus mauretanicus","Excluir","Ave marina","BirdLife International","","","","Mixto - Vuelo Frecuente"
"Puffinus puffinus","Excluir","Ave marina","BirdLife International","","","","Mixto - Vuelo Frecuente"
"Puffinus yelkouan","Excluir","Ave marina","BirdLife International","","","","Mixto - Vuelo Frecuente"
"Pyrrhocorax pyrrhocorax","No_Filtrar_Residente","Residente","BirdLife International","","","","Mixto - Vuelo Frecuente"
"Pyrrhula pyrrhula","Filtrar_Cria","Migrador parcial (altitudinal)","BirdLife International","Abril","Agosto","","Terrestre/Acuático"
"Rallus aquaticus","Filtrar_Cria","Migrador parcial","BirdLife International","Marzo","Agosto","","Terrestre/Acuático"
"Recurvirostra avosetta","Filtrar_Cria","Migrador parcial","BirdLife International","Abril","Agosto","","Terrestre/Acuático"
"Regulus ignicapilla","No_Filtrar_Residente","Residente","BirdLife International","","","","Terrestre/Acuático"
"Regulus madeirensis","Excluir","Residente (endémico Madeira)","BirdLife International","","","","Terrestre/Acuático"
"Regulus regulus","No_Filtrar_Residente","Residente con notable migración parcial/dispersiva","BirdLife International","","","","Terrestre/Acuático"
"Remiz pendulinus","Filtrar_Cria","Migrador parcial","BirdLife International","Marzo","Agosto","","Terrestre/Acuático"
"Riparia riparia","Filtrar_Cria","Migrador estival","BirdLife International","Abril","Agosto","","Aéreo"
"Rissa tridactyla","Excluir","Ave marina","BirdLife International","","","","Mixto - Vuelo Frecuente"
"Saxicola rubetra","Filtrar_Cria","Migrador estival","BirdLife International","Abril","Julio","","Terrestre/Acuático"
"Saxicola rubicola","Filtrar_Cria","Migrador parcial","BirdLife International","Marzo","Agosto","","Terrestre/Acuático"
"Seiurus aurocapilla","Excluir","Divagante (América)","BirdLife International","","","","Terrestre/Acuático"
"Serinus canaria","Excluir","Residente (endémico Canario)","BirdLife International","","","","Terrestre/Acuático"
"Serinus pusillus","Excluir","Residente (fuera de rango principal)","BirdLife International","","","","Terrestre/Acuático"
"Serinus serinus","Filtrar_Cria","Migrador parcial","BirdLife International","Marzo","Agosto","","Terrestre/Acuático"
"Sibirionetta formosa","Excluir","Divagante (Asia)","BirdLife International","","","","Terrestre/Acuático"
"Sitta europaea","No_Filtrar_Residente","Residente","BirdLife International","","","","Terrestre/Acuático"
"Sitta whiteheadi","No_Filtrar_Residente","Residente (endémico Córcega)","BirdLife International","","","","Terrestre/Acuático"
"Somateria mollissima","Filtrar_Cria","Migrador parcial (marino costero)","BirdLife International","Abril","Julio","","Terrestre/Acuático"
"Somateria spectabilis","Excluir","Visitante invernal","BirdLife International","","","","Terrestre/Acuático"
"Spatula clypeata","Filtrar_Cria","Migrador parcial","BirdLife International","Abril","Junio","","Terrestre/Acuático"
"Spatula discors","Excluir","Divagante (América)","BirdLife International","","","","Terrestre/Acuático"
"Spatula querquedula","Filtrar_Cria","Migrador estival","BirdLife International","Abril","Junio","","Terrestre/Acuático"
"Spilopelia senegalensis","Excluir","Introducida","BirdLife International","","","","Terrestre/Acuático"
"Spinus spinus","Filtrar_Cria","Migrador parcial (irruptivo)","BirdLife International","Marzo","Agosto","","Terrestre/Acuático"
"Spodiopsar cineraceus","Excluir","Divagante (Asia)","BirdLife International","","","","Terrestre/Acuático"
"Stercorarius longicaudus","Excluir","Ave marina (en paso)","BirdLife International","","","","Mixto - Vuelo Frecuente"
"Stercorarius parasiticus","Excluir","Ave marina (en paso)","BirdLife International","","","","Mixto - Vuelo Frecuente"
"Stercorarius pomarinus","Excluir","Ave marina (en paso)","BirdLife International","","","","Mixto - Vuelo Frecuente"
"Stercorarius skua","Excluir","Ave marina","BirdLife International","","","","Mixto - Vuelo Frecuente"
"Sterna dougallii","Filtrar_Cria","Migrador estival","BirdLife International","Mayo","Agosto","","Mixto - Vuelo Frecuente"
"Sterna hirundo","Filtrar_Cria","Migrador estival","BirdLife International","Mayo","Agosto","","Mixto - Vuelo Frecuente"
"Sternula albifrons","Filtrar_Cria","Migrador estival","BirdLife International","Mayo","Agosto","","Mixto - Vuelo Frecuente"
"Streptopelia decaocto","No_Filtrar_Residente","Residente","BirdLife International","","","","Terrestre/Acuático"
"Streptopelia turtur","Filtrar_Cria","Migrador estival","BirdLife International","Abril","Septiembre","","Terrestre/Acuático"
"Strix aluco","No_Filtrar_Residente","Residente","BirdLife International","","","","Terrestre/Acuático"
"Sturnus unicolor","No_Filtrar_Residente","Residente","BirdLife International","","","","Terrestre/Acuático"
"Sturnus vulgaris","Filtrar_Cria","Migrador parcial","BirdLife International","Marzo","Julio","","Terrestre/Acuático"
"Sylvia atricapilla","Filtrar_Cria","Migrador parcial","BirdLife International","Abril","Julio","","Terrestre/Acuático"
"Sylvia borin","Filtrar_Cria","Migrador estival","BirdLife International","Mayo","Julio","","Terrestre/Acuático"
"Syrmaticus reevesii","Excluir","Introducida","BirdLife International","","","","Terrestre/Acuático"
"Tachybaptus ruficollis","No_Filtrar_Residente","Residente","BirdLife International","","","","Terrestre/Acuático"
"Tachymarptis melba","Filtrar_Cria","Migrador estival","BirdLife International","Abril","Agosto","","Aéreo"
"Tadorna cana","Excluir","Introducida","BirdLife International","","","","Terrestre/Acuático"
"Tadorna tadorna","Filtrar_Cria","Migrador parcial","BirdLife International","Abril","Junio","","Terrestre/Acuático"
"Tarsiger cyanurus","Filtrar_Cria","Migrador estival (borde oriental)","BirdLife International","Mayo","Julio","","Terrestre/Acuático"
"Tetrastes bonasia","No_Filtrar_Residente","Residente","BirdLife International","","","","Terrestre/Acuático"
"Tetrax tetrax","Filtrar_Cria","Migrador parcial","BirdLife International","Abril","Junio","","Terrestre/Acuático"
"Thalasseus bengalensis","Filtrar_Cria","Migrador parcial","BirdLife International","Mayo","Agosto","","Mixto - Vuelo Frecuente"
"Tichodroma muraria","No_Filtrar_Residente","Migrador altitudinal","BirdLife International","","","","Terrestre/Acuático"
"Tringa flavipes","Excluir","Divagante (América)","BirdLife International","","","","Terrestre/Acuático"
"Tringa glareola","Filtrar_Cria","Migrador (en paso)","BirdLife International","Mayo","Julio","","Terrestre/Acuático"
"Tringa nebularia","Filtrar_Cria","Migrador (en paso)","BirdLife International","Abril","Julio","","Terrestre/Acuático"
"Tringa ochropus","Filtrar_Cria","Migrador (en paso)","BirdLife International","Abril","Julio","","Terrestre/Acuático"
"Tringa stagnatilis","Filtrar_Cria","Migrador estival","BirdLife International","Abril","Julio","","Terrestre/Acuático"
"Tringa totanus","Filtrar_Cria","Migrador parcial","BirdLife International","Abril","Julio","","Terrestre/Acuático"
"Troglodytes troglodytes","No_Filtrar_Residente","Residente","BirdLife International","","","","Terrestre/Acuático"
"Turdus eunomus","Excluir","Divagante (Asia)","BirdLife International","","","","Terrestre/Acuático"
"Turdus hortulorum","Excluir","Divagante (Asia)","BirdLife International","","","","Terrestre/Acuático"
"Turdus iliacus","Excluir","Visitante invernal","BirdLife International","","","","Terrestre/Acuático"
"Turdus merula","Filtrar_Cria","Migrador parcial","BirdLife International","Febrero","Agosto","","Terrestre/Acuático"
"Turdus naumanni","Excluir","Divagante (Asia)","BirdLife International","","","","Terrestre/Acuático"
"Turdus obscurus","Excluir","Divagante (Asia)","BirdLife International","","","","Terrestre/Acuático"
"Turdus philomelos","Filtrar_Cria","Migrador parcial","BirdLife International","Marzo","Agosto","","Terrestre/Acuático"
"Turdus pilaris","Excluir","Visitante invernal","BirdLife International","","","","Terrestre/Acuático"
"Turdus torquatus","Filtrar_Cria","Migrador estival (altitudinal)","BirdLife International","Abril","Julio","","Terrestre/Acuático"
"Turdus viscivorus","Filtrar_Cria","Migrador parcial","BirdLife International","Febrero","Junio","","Terrestre/Acuático"
"Tyto alba","No_Filtrar_Residente","Residente","BirdLife International","","","","Mixto - Vuelo Frecuente"
"Upupa epops","Filtrar_Cria","Migrador estival","BirdLife International","Marzo","Agosto","","Terrestre/Acuático"
"Uria aalge","Excluir","Ave marina","BirdLife International","","","","Mixto - Vuelo Frecuente"
"Vanellus gregarius","Excluir","Divagante (Asia)","BirdLife International","","","","Terrestre/Acuático"
"Vanellus spinosus","Excluir","Visitante raro (periférico)","BirdLife International","","","","Terrestre/Acuático"
"Vanellus vanellus","Filtrar_Cria","Migrador parcial","BirdLife International","Marzo","Julio","","Terrestre/Acuático"
"Xenus cinereus","Filtrar_Cria","Migrador (en paso)","BirdLife International","Mayo","Julio","","Terrestre/Acuático"
"Yungipicus canicapillus","Excluir","Divagante (Asia)","BirdLife International","","","","Terrestre/Acuático"
"Zapornia parva","Filtrar_Cria","Migrador estival","BirdLife International","Abril","Julio","","Terrestre/Acuático"
"Zapornia pusilla","Filtrar_Cria","Migrador estival","BirdLife International","Abril","Julio","","Terrestre/Acuático"
"Tadorna ferruginea","Filtrar_Cria","Migrador parcial (poblaciones periféricas y reintroducidas)","BirdLife International","Abril","Junio","Cría escasa en el sureste de Europa.","Terrestre/Acuático"
"Marmaronetta angustirostris","Filtrar_Cria","Migrador parcial (en peligro)","BirdLife International","Abril","Julio","Cría muy localizada en el sur de España.","Terrestre/Acuático"
"Netta peposaca","Excluir","Divagante/Introducida (América del Sur)","BirdLife International","","","Registros raros, probablemente de escapes.","Terrestre/Acuático"
"Aythya baeri","Excluir","Divagante (Asia, en peligro crítico)","BirdLife International","","","Extremadamente raro.","Terrestre/Acuático"
"Polysticta stelleri","Excluir","Visitante invernal (Ártico)","BirdLife International","","","Inverna en el norte de Noruega y mar Báltico. No cría en el área.","Terrestre/Acuático"
"Clangula hyemalis","Filtrar_Cria","Migrador estival (Ártico)","BirdLife International","Mayo","Julio","Cría en el norte de Escandinavia, Islandia y Escocia.","Terrestre/Acuático"
"Melanitta deglandi","Excluir","Divagante (América/Asia)","BirdLife International","","","Divagante raro.","Terrestre/Acuático"
"Bucephala islandica","Filtrar_Cria","Residente (Islandia)","BirdLife International","Mayo","Julio","La única población europea cría en Islandia.","Terrestre/Acuático"
"Bucephala clangula","Filtrar_Cria","Migrador parcial","BirdLife International","Abril","Junio","Cría en Escandinavia y el este de Europa.","Terrestre/Acuático"
"Mergellus albellus","Filtrar_Cria","Migrador estival","BirdLife International","Mayo","Junio","Cría en el norte de Escandinavia y Rusia.","Terrestre/Acuático"
"Oxyura jamaicensis","Excluir","Introducida (Invasora)","BirdLife International","","","Especie invasora de Norteamérica, sujeta a erradicación.","Terrestre/Acuático"
"Lagopus muta","No_Filtrar_Residente","Residente (Alpino/Ártico)","BirdLife International","Mayo","Julio","Residente en montañas (Alpes, Pirineos, Escocia) y tundra.","Terrestre/Acuático"
"Tetrao urogallus","No_Filtrar_Residente","Residente","BirdLife International","Abril","Junio","Residente en bosques boreales y de montaña.","Terrestre/Acuático"
"Tetrao tetrix","No_Filtrar_Residente","Residente","BirdLife International","Abril","Junio","Residente en páramos y bordes de bosques.","Terrestre/Acuático"
"Alectoris chukar","Excluir","Introducida","BirdLife International","","","Introducida en varias áreas con fines cinegéticos.","Terrestre/Acuático"
"Perdix perdix","No_Filtrar_Residente","Residente","BirdLife International","Abril","Junio","Residente en áreas agrícolas y estepas.","Terrestre/Acuático"
"Francolinus francolinus","Excluir","Extirpado/Visitante raro","BirdLife International","","","Históricamente presente en el sureste, ahora extirpado.","Terrestre/Acuático"
"Pavo cristatus","Excluir","Introducida","BirdLife International","","","Poblaciones asilvestradas de origen doméstico.","Terrestre/Acuático"
"Pterocles orientalis","Filtrar_Cria","Residente","BirdLife International","Abril","Julio","Residente en estepas áridas de la Península Ibérica.","Terrestre/Acuático"
"Syrrhaptes paradoxus","Excluir","Divagante irruptivo (Asia)","BirdLife International","","","Protagoniza invasiones irregulares desde Asia.","Terrestre/Acuático"
"Zenaida macroura","Excluir","Divagante (América)","BirdLife International","","","Divagante muy raro de Norteamérica.","Terrestre/Acuático"
"Columbina passerina","Excluir","Divagante (América)","BirdLife International","","","Divagante excepcional de América.","Terrestre/Acuático"
"Ectopistes migratorius","Excluir","Extinto","BirdLife International","","","Especie extinta a nivel mundial.","Terrestre/Acuático"
"Streptopelia orientalis","Excluir","Divagante (Asia)","BirdLife International","","","Divagante raro de Asia.","Terrestre/Acuático"
"Burhinus oedicnemus","Filtrar_Cria","Migrador estival","BirdLife International","Abril","Julio","Cría en zonas áridas y esteparias.","Terrestre/Acuático"
"Pluvianus aegyptius","Excluir","Divagante (África)","BirdLife International","","","Divagante excepcional de África.","Terrestre/Acuático"
"Vanellus cinereus","Excluir","Divagante (Asia)","BirdLife International","","","Divagante excepcional de Asia.","Terrestre/Acuático"
"Vanellus leucurus","Excluir","Divagante (Asia/Oriente Medio)","BirdLife International","","","Visitante raro pero cada vez más frecuente.","Terrestre/Acuático"
"Charadrius morinellus","Filtrar_Cria","Migrador estival","BirdLife International","Mayo","Agosto","Cría en la tundra y montañas altas (ej. Escocia).","Terrestre/Acuático"
"Charadrius asiaticus","Excluir","Divagante (Asia)","BirdLife International","","","Divagante raro de Asia Central.","Terrestre/Acuático"
"Charadrius vociferus","Excluir","Divagante (América)","BirdLife International","","","Divagante raro de Norteamérica.","Terrestre/Acuático"
"Anarhynchus pecuarius","Excluir","Divagante (África)","BirdLife International","","","Divagante excepcional, cría en África.","Terrestre/Acuático"
"Arenaria interpres","Filtrar_Cria","Migrador (en paso y cría en el ártico)","BirdLife International","Junio","Agosto","Cría en costas árticas de Europa; común en paso.","Terrestre/Acuático"
"Calidris tenuirostris","Excluir","Divagante (Asia)","BirdLife International","","","Divagante muy raro de Siberia.","Terrestre/Acuático"
"Calidris mauri","Excluir","Divagante (América)","BirdLife International","","","Divagante raro de Norteamérica.","Terrestre/Acuático"
"Calidris ruficollis","Excluir","Divagante (Asia)","BirdLife International","","","Divagante raro del Ártico asiático.","Terrestre/Acuático"
"Calidris melanotos","Excluir","Divagante (América)","BirdLife International","","","Visitante raro pero regular en otoño, de Norteamérica.","Terrestre/Acuático"
"Numenius borealis","Excluir","Extinto (o en peligro crítico)","BirdLife International","","","Considerado extinto, no se ha visto en décadas.","Terrestre/Acuático"
"Numenius phaeopus","Filtrar_Cria","Migrador estival","BirdLife International","Mayo","Julio","Cría en el norte de Europa; común en paso.","Terrestre/Acuático"
"Numenius tenuirostris","Excluir","En peligro crítico (posiblemente extinto)","BirdLife International","","","No se ha observado con certeza en años.","Terrestre/Acuático"
"Limnodromus griseus","Excluir","Divagante (América)","BirdLife International","","","Divagante raro de Norteamérica.","Terrestre/Acuático"
"Limnodromus scolopaceus","Excluir","Divagante (América)","BirdLife International","","","Divagante raro pero regular de Norteamérica.","Terrestre/Acuático"
"Lymnocryptes minimus","Filtrar_Cria","Migrador estival","BirdLife International","Mayo","Julio","Cría en el norte de Europa.","Terrestre/Acuático"
"Scolopax rusticola","Filtrar_Cria","Migrador parcial","BirdLife International","Marzo","Julio","Cría ampliamente en bosques de Europa.","Terrestre/Acuático"
"Scolopax minor","Excluir","Divagante (América)","BirdLife International","","","Divagante excepcional de Norteamérica.","Terrestre/Acuático"
"Gallinago gallinago","Filtrar_Cria","Migrador parcial","BirdLife International","Abril","Julio","Cría ampliamente en humedales de Europa.","Terrestre/Acuático"
"Bartramia longicauda","Excluir","Divagante (América)","BirdLife International","","","Divagante raro de las praderas de Norteamérica.","Terrestre/Acuático"
"Xema sabini","Excluir","Ave marina (en paso)","BirdLife International","","","Ave marina pelágica, se ve en paso migratorio.","Mixto - Vuelo Frecuente"
"Pagophila eburnea","Excluir","Visitante invernal (Ártico)","BirdLife International","","","Visitante raro de témpanos de hielo del alto Ártico.","Mixto - Vuelo Frecuente"
"Rhodostethia rosea","Excluir","Divagante (Ártico)","BirdLife International","","","Divagante muy raro del Ártico.","Mixto - Vuelo Frecuente"
"Ichthyaetus relictus","Excluir","Divagante (Asia)","BirdLife International","","","Divagante excepcional de Asia Central.","Mixto - Vuelo Frecuente"
"Larus armenicus","Excluir","Visitante raro (periférico)","BirdLife International","","","Cría en el Cáucaso y Oriente Medio; raro en Europa.","Mixto - Vuelo Frecuente"
"Larus canus","Filtrar_Cria","Migrador parcial","BirdLife International","Abril","Julio","Cría en el norte y este de Europa.","Mixto - Vuelo Frecuente"
"Stercorarius maccormicki","Excluir","Divagante (Antártida)","BirdLife International","","","Divagante excepcional del Océano Austral.","Mixto - Vuelo Frecuente"
"Uria lomvia","Excluir","Visitante invernal (Ártico)","BirdLife International","","","Ave marina del alto Ártico; inverna en el norte.","Mixto - Vuelo Frecuente"
"Synthliboramphus antiquus","Excluir","Divagante (Pacífico)","BirdLife International","","","Divagante excepcional del Océano Pacífico.","Mixto - Vuelo Frecuente"
"Gavia adamsii","Excluir","Visitante invernal (Ártico)","BirdLife International","","","Invernante raro en las costas del norte de Europa.","Terrestre/Acuático"
"Diomedea exulans","Excluir","Divagante (Océano Austral)","BirdLife International","","","Divagante excepcional de los océanos del sur.","Mixto - Vuelo Frecuente"
"Thalassarche melanophris","Excluir","Divagante (Océano Austral)","BirdLife International","","","El albatros más frecuente como divagante en Europa.","Mixto - Vuelo Frecuente"
"Thalassarche chlororhynchos","Excluir","Divagante (Océano Austral)","BirdLife International","","","Divagante raro del hemisferio sur.","Mixto - Vuelo Frecuente"
"Phoebetria palpebrata","Excluir","Divagante (Océano Austral)","BirdLife International","","","Divagante excepcional del hemisferio sur.","Mixto - Vuelo Frecuente"
"Macronectes giganteus","Excluir","Divagante (Océano Austral)","BirdLife International","","","Divagante raro del hemisferio sur.","Mixto - Vuelo Frecuente"
"Macronectes halli","Excluir","Divagante (Océano Austral)","BirdLife International","","","Divagante excepcional del hemisferio sur.","Mixto - Vuelo Frecuente"
"Thalassoica antarctica","Excluir","Divagante (Antártida)","BirdLife International","","","Divagante excepcional del Océano Antártico.","Mixto - Vuelo Frecuente"
"Daption capense","Excluir","Divagante (Océano Austral)","BirdLife International","","","Divagante raro pero regular de los océanos del sur.","Mixto - Vuelo Frecuente"
"Pterodroma mollis","Excluir","Divagante (Océano Austral)","BirdLife International","","","Divagante raro del hemisferio sur.","Mixto - Vuelo Frecuente"
"Pterodroma baraui","Excluir","Divagante (Océano Índico)","BirdLife International","","","Divagante excepcional.","Mixto - Vuelo Frecuente"
"Pterodroma cahow","Excluir","Divagante (Atlántico)","BirdLife International","","","Divagante excepcional de Bermudas.","Mixto - Vuelo Frecuente"
"Pterodroma hasitata","Excluir","Divagante (Atlántico)","BirdLife International","","","Divagante raro del Caribe.","Mixto - Vuelo Frecuente"
"Procellaria aequinoctialis","Excluir","Divagante (Océano Austral)","BirdLife International","","","Divagante excepcional del hemisferio sur.","Mixto - Vuelo Frecuente"
"Calonectris diomedea","Filtrar_Cria","Ave marina","BirdLife International","Mayo","Octubre","Cría en colonias en islas del Mediterráneo.","Mixto - Vuelo Frecuente"
"Ardenna pacifica","Excluir","Divagante (Océano Pacífico/Índico)","BirdLife International","","","Divagante excepcional.","Mixto - Vuelo Frecuente"
"Puffinus persicus","Excluir","Divagante (Océano Índico)","BirdLife International","","","Divagante excepcional.","Mixto - Vuelo Frecuente"
"Oceanites oceanicus","Excluir","Ave marina (en paso)","BirdLife International","","","Común en paso en aguas atlánticas; cría en Antártida.","Mixto - Vuelo Frecuente"
"Fregetta grallaria","Excluir","Divagante (Océanos del Sur)","BirdLife International","","","Divagante raro.","Mixto - Vuelo Frecuente"
"Phaethon aethereus","Excluir","Divagante (periférico)","BirdLife International","","","Visitante muy raro en las Azores.","Mixto - Vuelo Frecuente"
"Phaethon lepturus","Excluir","Divagante (periférico)","BirdLife International","","","Cría en las Azores.","Mixto - Vuelo Frecuente"
"Fregata magnificens","Excluir","Divagante (América)","BirdLife International","","","Divagante raro de América.","Mixto - Vuelo Frecuente"
"Fregata aquila","Excluir","Divagante (Atlántico Sur)","BirdLife International","","","Divagante excepcional.","Mixto - Vuelo Frecuente"
"Phalacrocorax nigrogularis","Excluir","Divagante (Oriente Medio)","BirdLife International","","","Divagante excepcional.","Terrestre/Acuático"
"Leucophoyx thula","Excluir","Divagante (América)","BirdLife International","","","Divagante raro de América.","Terrestre/Acuático"
"Egretta caerulea","Excluir","Divagante (América)","BirdLife International","","","Divagante raro de América.","Terrestre/Acuático"
"Bubulcus ibis","Filtrar_Cria","Migrador parcial","BirdLife International","Abril","Julio","Especie en expansión, cría en el sur de Europa.","Terrestre/Acuático"
"Butorides striata","Excluir","Divagante (África/América)","BirdLife International","","","Divagante excepcional.","Terrestre/Acuático"
"Ixobrychus exilis","Excluir","Divagante (América)","BirdLife International","","","Divagante raro de Norteamérica (Azores).","Terrestre/Acuático"
"Mycteria americana","Excluir","Divagante (América)","BirdLife International","","","Divagante excepcional.","Terrestre/Acuático"
"Threskiornis aethiopicus","Excluir","Introducida","BirdLife International","","","Poblaciones introducidas (ej. Francia).","Terrestre/Acuático"
"Aegypius monachus","No_Filtrar_Residente","Residente","BirdLife International","Febrero","Septiembre","Residente en el suroeste y sureste de Europa.","Mixto - Vuelo Frecuente"
"Surnia ulula","No_Filtrar_Residente","Residente (Boreal)","BirdLife International","Marzo","Junio","Residente en bosques boreales de Escandinavia y Rusia.","Terrestre/Acuático"
"Strix nebulosa","No_Filtrar_Residente","Residente (Boreal)","BirdLife International","Marzo","Junio","Residente en bosques boreales de Escandinavia y Rusia.","Terrestre/Acuático"
"Strix uralensis","No_Filtrar_Residente","Residente (Boreal)","BirdLife International","Marzo","Junio","Residente en bosques del norte y este de Europa.","Terrestre/Acuático"
"Bubo virginianus","Excluir","Divagante (América)","BirdLife International","","","Divagante excepcional.","Terrestre/Acuático"
"Bubo cinerascens","Excluir","Divagante (África)","BirdLife International","","","Divagante excepcional.","Terrestre/Acuático"
"Alcedo semitorquata","Excluir","Divagante (África)","BirdLife International","","","Divagante excepcional.","Terrestre/Acuático"
"Megaceryle alcyon","Excluir","Divagante (América)","BirdLife International","","","Divagante raro de Norteamérica.","Terrestre/Acuático"
"Coracias benghalensis","Excluir","Divagante (Asia)","BirdLife International","","","Divagante excepcional.","Terrestre/Acuático"
"Merops persicus","Excluir","Visitante raro (periférico)","BirdLife International","","","Cría en el borde oriental de Europa.","Mixto - Vuelo Frecuente"
"Merops ornatus","Excluir","Divagante (Australia)","BirdLife International","","","Divagante excepcional.","Mixto - Vuelo Frecuente"
"Picus canus","No_Filtrar_Residente","Residente","BirdLife International","Abril","Junio","Residente en Europa central y oriental.","Terrestre/Acuático"
"Dendrocopos medius","No_Filtrar_Residente","Residente","BirdLife International","Abril","Junio","Residente en robledales maduros.","Terrestre/Acuático"
"Dendrocopos dorsalis","Excluir","Divagante (Asia)","BirdLife International","","","Taxonomía compleja, divagante excepcional.","Terrestre/Acuático"
"Sphyrapicus varius","Excluir","Divagante (América)","BirdLife International","","","Divagante raro de Norteamérica.","Terrestre/Acuático"
"Colaptes auratus","Excluir","Divagante (América)","BirdLife International","","","Divagante raro de Norteamérica.","Terrestre/Acuático"
"Falco rusticolus","No_Filtrar_Residente","Residente (Ártico)","BirdLife International","Abril","Julio","Residente en Islandia y norte de Escandinavia/Rusia.","Mixto - Vuelo Frecuente"
"Falco biarmicus","No_Filtrar_Residente","Residente","BirdLife International","Febrero","Junio","Residente en Italia y los Balcanes.","Mixto - Vuelo Frecuente"
"Falco cherrug","Filtrar_Cria","Migrador parcial (en peligro)","BirdLife International","Marzo","Julio","Cría en Europa oriental.","Mixto - Vuelo Frecuente"
"Falco concolor","Excluir","Divagante (África/Oriente Medio)","BirdLife International","","","Divagante muy raro.","Mixto - Vuelo Frecuente"
"Psittacula cyanocephala","Excluir","Introducida","BirdLife International","","","Escapes, no establecido.","Terrestre/Acuático"
"Aratinga nenday","Excluir","Introducida","BirdLife International","","","Poblaciones asilvestradas de origen doméstico.","Terrestre/Acuático"
"Tyrannus tyrannus","Excluir","Divagante (América)","BirdLife International","","","Divagante raro de Norteamérica.","Terrestre/Acuático"
"Tyrannus forficatus","Excluir","Divagante (América)","BirdLife International","","","Divagante muy raro de Norteamérica.","Terrestre/Acuático"
"Vireo flavifrons","Excluir","Divagante (América)","BirdLife International","","","Divagante muy raro de Norteamérica.","Terrestre/Acuático"
"Vireo philadelphicus","Excluir","Divagante (América)","BirdLife International","","","Divagante muy raro de Norteamérica.","Terrestre/Acuático"
"Vireo olivaceus","Excluir","Divagante (América)","BirdLife International","","","Divagante raro pero regular de Norteamérica.","Terrestre/Acuático"
"Lanius isabellinus","Excluir","Divagante (Asia)","BirdLife International","","","Divagante raro de Asia.","Terrestre/Acuático"
"Lanius phoenicuroides","Excluir","Divagante (Asia)","BirdLife International","","","Divagante raro de Asia.","Terrestre/Acuático"
"Lanius vittatus","Excluir","Divagante (Asia)","BirdLife International","","","Divagante excepcional de Asia.","Terrestre/Acuático"
"Lanius borealis","Excluir","Divagante (Asia/América)","BirdLife International","","","Divagante excepcional.","Terrestre/Acuático"
"Bombycilla garrulus","Filtrar_Cria","Visitante invernal irruptivo","BirdLife International","Mayo","Julio","Cría en el norte de Escandinavia/Rusia; inverna de forma irruptiva.","Terrestre/Acuático"
"Prunella collaris","No_Filtrar_Residente","Migrador altitudinal","BirdLife International","Mayo","Agosto","Residente en altas montañas.","Terrestre/Acuático"
"Prunella atrogularis","Excluir","Divagante (Asia)","BirdLife International","","","Divagante raro de los Urales/Asia.","Terrestre/Acuático"
"Passer moabiticus","Excluir","Divagante (Oriente Medio)","BirdLife International","","","Divagante excepcional.","Terrestre/Acuático"
"Petronia brachydactyla","Excluir","Divagante (Oriente Medio)","BirdLife International","","","Divagante excepcional.","Terrestre/Acuático"
"Montifringilla henrici","Excluir","Taxonomía/Rango no europeo","BirdLife International","","","No presente en Europa.","Terrestre/Acuático"
"Serinus citrinella","No_Filtrar_Residente","Residente (Montañas)","BirdLife International","Abril","Agosto","Residente en montañas del sur de Europa.","Terrestre/Acuático"
"Rhodopechys sanguineus","Excluir","Divagante (Oriente Medio)","BirdLife International","","","Divagante raro.","Terrestre/Acuático"
"Bucanetes mongolicus","Excluir","Divagante (Asia)","BirdLife International","","","Divagante raro.","Terrestre/Acuático"
"Carpodacus rubicilla","Excluir","Residente (periférico)","BirdLife International","","","Residente en el Cáucaso, en el límite de Europa.","Terrestre/Acuático"
"Spinus tristis","Excluir","Divagante (América)","BirdLife International","","","Divagante excepcional.","Terrestre/Acuático"
"Calcarius ornatus","Excluir","Divagante (América)","BirdLife International","","","Divagante excepcional de Norteamérica.","Terrestre/Acuático"
"Plectrophenax nivalis","Filtrar_Cria","Migrador parcial (Ártico/Alpino)","BirdLife International","Mayo","Agosto","Cría en el Ártico y cumbres altas (ej. Escocia).","Terrestre/Acuático"
"Plectrophenax hyperboreus","Excluir","Divagante (América)","BirdLife International","","","Divagante excepcional del Mar de Bering.","Terrestre/Acuático"
"Emberiza fucata","Excluir","Divagante (Asia)","BirdLife International","","","Divagante excepcional.","Terrestre/Acuático"
"Emberiza chrysophrys","Excluir","Divagante (Asia)","BirdLife International","","","Divagante raro de Siberia.","Terrestre/Acuático"
"Emberiza variabilis","Excluir","Divagante (Asia)","BirdLife International","","","Divagante excepcional.","Terrestre/Acuático"
"Passerculus sandwichensis","Excluir","Divagante (América)","BirdLife International","","","Divagante raro de Norteamérica.","Terrestre/Acuático"
"Ammodramus savannarum","Excluir","Divagante (América)","BirdLife International","","","Divagante raro de Norteamérica (Azores).","Terrestre/Acuático"
"Xanthocephalus xanthocephalus","Excluir","Divagante (América)","BirdLife International","","","Divagante raro de Norteamérica.","Terrestre/Acuático"
"Dolichonyx oryzivorus","Excluir","Divagante (América)","BirdLife International","","","Divagante raro pero regular de Norteamérica.","Terrestre/Acuático"
"Icterus spurius","Excluir","Divagante (América)","BirdLife International","","","Divagante muy raro de Norteamérica.","Terrestre/Acuático"
"Icterus bullockii","Excluir","Divagante (América)","BirdLife International","","","Divagante excepcional.","Terrestre/Acuático"
"Mniotilta varia","Excluir","Divagante (América)","BirdLife International","","","Divagante raro de Norteamérica.","Terrestre/Acuático"
"Vermivora chrysoptera","Excluir","Divagante (América)","BirdLife International","","","Divagante excepcional.","Terrestre/Acuático"
"Vermivora cyanoptera","Excluir","Divagante (América)","BirdLife International","","","Divagante excepcional.","Terrestre/Acuático"
"Setophaga petechia","Excluir","Divagante (América)","BirdLife International","","","Divagante raro de Norteamérica.","Terrestre/Acuático"
"Setophaga pensylvanica","Excluir","Divagante (América)","BirdLife International","","","Divagante raro de Norteamérica.","Terrestre/Acuático"
"Setophaga caerulescens","Excluir","Divagante (América)","BirdLife International","","","Divagante raro de Norteamérica.","Terrestre/Acuático"
"Setophaga virens","Excluir","Divagante (América)","BirdLife International","","","Divagante raro de Norteamérica.","Terrestre/Acuático"
"Setophaga fusca","Excluir","Divagante (América)","BirdLife International","","","Divagante raro de Norteamérica.","Terrestre/Acuático"
"Geothlypis trichas","Excluir","Divagante (América)","BirdLife International","","","Divagante raro de Norteamérica.","Terrestre/Acuático"
"Cardellina pusilla","Excluir","Divagante (América)","BirdLife International","","","Divagante raro de Norteamérica.","Terrestre/Acuático"
"Cardellina canadensis","Excluir","Divagante (América)","BirdLife International","","","Divagante raro de Norteamérica.","Terrestre/Acuático"
"Anthus rubescens","Excluir","Divagante (América/Asia)","BirdLife International","","","Divagante raro.","Terrestre/Acuático"
"Anthus gustavi","Excluir","Divagante (Asia)","BirdLife International","","","Divagante raro de Siberia.","Terrestre/Acuático"
"Anthus richardi","Excluir","Divagante (Asia)","BirdLife International","","","Visitante raro pero regular en otoño.","Terrestre/Acuático"
"Alauda gulgula","Excluir","Divagante (Asia)","BirdLife International","","","Divagante excepcional.","Terrestre/Acuático"
"Galerida cristata","No_Filtrar_Residente","Residente","BirdLife International","Marzo","Julio","Ampliamente distribuida en Europa.","Terrestre/Acuático"
"Eremophila alpestris","Filtrar_Cria","Migrador parcial","BirdLife International","Mayo","Julio","Cría en montañas del sur y tundra del norte.","Terrestre/Acuático"
"Acrocephalus orinus","Excluir","Divagante (Asia)","BirdLife International","","","Divagante excepcional, especie redescubierta.","Terrestre/Acuático"
"Acrocephalus tangorum","Excluir","Divagante (Asia)","BirdLife International","","","Divagante excepcional.","Terrestre/Acuático"
"Iduna rama","Excluir","Divagante (Asia)","BirdLife International","","","Divagante raro de Asia Central.","Terrestre/Acuático"
"Hippolais languida","Excluir","Divagante (Asia)","BirdLife International","","","Divagante excepcional.","Terrestre/Acuático"
"Phylloscopus neglectus","Excluir","Divagante (Asia)","BirdLife International","","","Divagante excepcional.","Terrestre/Acuático"
"Phylloscopus coronatus","Excluir","Divagante (Asia)","BirdLife International","","","Divagante raro de Asia.","Terrestre/Acuático"
"Phylloscopus schwarzi","Excluir","Divagante (Asia)","BirdLife International","","","Divagante raro de Siberia.","Terrestre/Acuático"
"Sylvia nana","Excluir","Divagante (Asia/África)","BirdLife International","","","Divagante raro de zonas desérticas.","Terrestre/Acuático"
"Sylvia deserti","Excluir","Divagante (África)","BirdLife International","","","Divagante muy raro.","Terrestre/Acuático"
"Sylvia mystacea","Excluir","Visitante raro (periférico)","BirdLife International","","","Cría en el borde del Cáucaso; divagante raro en otros lugares.","Terrestre/Acuático"
"Muscicapa sibirica","Excluir","Divagante (Asia)","BirdLife International","","","Divagante raro de Siberia.","Terrestre/Acuático"
"Ficedula mugimaki","Excluir","Divagante (Asia)","BirdLife International","","","Divagante excepcional.","Terrestre/Acuático"
"Ficedula albicilla","Excluir","Divagante (Asia)","BirdLife International","","","Divagante raro de Asia.","Terrestre/Acuático"
"Luscinia luscinia","Filtrar_Cria","Migrador estival","BirdLife International","Mayo","Julio","Cría en Europa oriental y Escandinavia.","Terrestre/Acuático"
"Larvivora sibilans","Excluir","Divagante (Asia)","BirdLife International","","","Divagante raro de Siberia.","Terrestre/Acuático"
"Tarsiger indicus","Excluir","Divagante (Asia)","BirdLife International","","","Divagante excepcional.","Terrestre/Acuático"
"Phoenicurus erythrogastrus","Excluir","Residente (periférico)","BirdLife International","","","Residente en el Cáucaso, en el límite de Europa.","Terrestre/Acuático"
"Phoenicurus moussieri","Excluir","Divagante (África)","BirdLife International","","","Divagante raro del noroeste de África.","Terrestre/Acuático"
"Oenanthe finschii","Excluir","Visitante raro (periférico)","BirdLife International","","","Cría en el borde del Cáucaso.","Terrestre/Acuático"
"Oenanthe picata","Excluir","Divagante (Asia)","BirdLife International","","","Divagante excepcional.","Terrestre/Acuático"
"Oenanthe cypriaca","Filtrar_Cria","Migrador estival (endémico)","BirdLife International","Abril","Junio","Cría únicamente en Chipre.","Terrestre/Acuático"
"Oenanthe hispanica","Filtrar_Cria","Migrador estival","BirdLife International","Abril","Julio","Cría en la región Mediterránea.","Terrestre/Acuático"
"Oenanthe xanthoprymna","Excluir","Visitante raro (periférico)","BirdLife International","","","Cría en el sureste de Turquía.","Terrestre/Acuático"
"Monticola cinclorhynchus","Excluir","Divagante (Asia)","BirdLife International","","","Divagante excepcional.","Terrestre/Acuático"
"Zoothera aurea","Excluir","Divagante (Asia)","BirdLife International","","","Divagante raro de Siberia.","Terrestre/Acuático"
"Zoothera dauma","Excluir","Divagante (Asia)","BirdLife International","","","Divagante excepcional.","Terrestre/Acuático"
"Turdus atrogularis","Excluir","Divagante (Asia)","BirdLife International","","","Divagante raro de Siberia.","Terrestre/Acuático"
"Turdus ruficollis","Excluir","Divagante (Asia)","BirdLife International","","","Divagante raro de Siberia.","Terrestre/Acuático"
"Turdus migratorius","Excluir","Divagante (América)","BirdLife International","","","Divagante raro de Norteamérica.","Terrestre/Acuático"
"Turdus plumbeus","Excluir","Divagante (América)","BirdLife International","","","Divagante excepcional.","Terrestre/Acuático"
"Sturnus pagodarum","Excluir","Divagante (Asia)","BirdLife International","","","Divagante excepcional, probable escape.","Terrestre/Acuático"
"Gracupica contra","Excluir","Divagante (Asia)","BirdLife International","","","Divagante excepcional, probable escape.","Terrestre/Acuático"
"Acridotheres tristis","Excluir","Introducida","BirdLife International","","","Especie invasora, no establecida ampliamente.","Terrestre/Acuático"
"Acridotheres cristatellus","Excluir","Introducida","BirdLife International","","","Poblaciones locales de origen introducido.","Terrestre/Acuático"
"Sitta krueperi","No_Filtrar_Residente","Residente (periférico)","BirdLife International","Abril","Junio","Residente en Lesbos (Grecia) y Cáucaso.","Terrestre/Acuático"
"Sitta neumayer","No_Filtrar_Residente","Residente","BirdLife International","Abril","Junio","Residente en los Balcanes.","Terrestre/Acuático"
"Certhia himalayana","Excluir","Divagante (Asia)","BirdLife International","","","Divagante excepcional.","Terrestre/Acuático"
"Poecile hyperboreus","Excluir","Divagante (Asia)","BirdLife International","","","Divagante excepcional de Siberia.","Terrestre/Acuático"
"Lophophanes dichrous","Excluir","Taxonomía/Rango no europeo","BirdLife International","","","No presente en Europa.","Terrestre/Acuático"
"Melanitta perspicillata","Excluir","Divagante (América)","BirdLife International","","","Visitante raro pero regular.","Terrestre/Acuático"
"Melanitta stejnegeri","Excluir","Divagante (Asia)","BirdLife International","","","Divagante raro.","Terrestre/Acuático"
"Mergus serrator","Filtrar_Cria","Migrador parcial","BirdLife International","Mayo","Julio","Ampliamente distribuido en costas y lagos del norte.","Terrestre/Acuático"
"Oxyura leucocephala","Filtrar_Cria","Migrador parcial (en peligro)","BirdLife International","Mayo","Agosto","Cría localizada en el Mediterráneo.","Terrestre/Acuático"
"Panurus biarmicus","No_Filtrar_Residente","Residente (dispersivo)","BirdLife International","Marzo","Agosto","Migrador parcial (dispersivo); Residente en carrizales.","Terrestre/Acuático"